<?xml version="1.0" encoding="utf-8"?>
<?xml-stylesheet type='text/xsl' href='ConversionLogFile.xsl'?>
<LogFile projectName="LHTTP_LIB_V15.1" typeText="Type" messageText="Message" timeText="Time">
  <MessageCell ServiceId="80" MessageId="30" MessageClass="Information" Timestamp="11/30/2018 2:55:22 PM">
    <Number ServiceNumber="80" MessageNumber="30" />
    <Text FeedbackText="Upgrade started" />
    <Help HelpId="-1" />
  </MessageCell>
  <Details ServiceId="80" MessageId="30" Timestamp="11/30/2018 2:55:25 PM" Debug="false">
    <Text>Reorganization succeed!</Text>
  </Details>
  <MessageCell ServiceId="80" MessageId="30" MessageClass="Information" Timestamp="11/30/2018 2:55:26 PM">
    <Number ServiceNumber="80" MessageNumber="30" />
    <Text FeedbackText="CheckRepair lost+found objects" />
    <Help HelpId="-1" />
  </MessageCell>
  <Details ServiceId="80" MessageId="30" Timestamp="11/30/2018 2:55:26 PM" Debug="false">
    <Text>No error is detected.</Text>
  </Details>
  <MessageCell ServiceId="80" MessageId="30" MessageClass="Information" Timestamp="11/30/2018 2:55:28 PM">
    <Number ServiceNumber="80" MessageNumber="30" />
    <Text FeedbackText="CheckRepair missing bidirectional links" />
    <Help HelpId="-1" />
  </MessageCell>
  <Details ServiceId="80" MessageId="30" Timestamp="11/30/2018 2:55:28 PM" Debug="false">
    <Text>No error is detected.</Text>
  </Details>
  <Details ServiceId="80" MessageId="30" Timestamp="11/30/2018 2:55:47 PM" Debug="false">
    <Text>Not invalidating fingerprints for library object: hg1jahs3gd0jgsa97294446-b1d5-4c48-b681-03b56328efe5[UDT3]</Text>
  </Details>
  <Details ServiceId="80" MessageId="30" Timestamp="11/30/2018 2:55:47 PM" Debug="false">
    <Text>Not invalidating fingerprints for library object: hg1jahs3gd0jgsa686db42a-4ace-40f0-8d81-5673a69a9f4d[UDT9]</Text>
  </Details>
  <Details ServiceId="80" MessageId="30" Timestamp="11/30/2018 2:55:47 PM" Debug="false">
    <Text>Not invalidating fingerprints for library object: hg1jahs3gd0jgsa4bdb3f27-43be-4767-8898-850f4886df1d0[UDT9]</Text>
  </Details>
  <Details ServiceId="80" MessageId="30" Timestamp="11/30/2018 2:55:47 PM" Debug="false">
    <Text>Not invalidating fingerprints for library object: hg1jahs3gd0jgsa9d13380e-bdaa-47f5-aeea-a6d183f66ad10[UDT3]</Text>
  </Details>
  <Details ServiceId="80" MessageId="30" Timestamp="11/30/2018 2:55:47 PM" Debug="false">
    <Text>Not invalidating fingerprints for library object: hg1jahs3gd0jgsa5bb50035-d2db-47e4-9457-b6aa97e069100[UDT1]</Text>
  </Details>
  <Details ServiceId="80" MessageId="30" Timestamp="11/30/2018 2:55:47 PM" Debug="false">
    <Text>Not invalidating fingerprints for library object: hg1jahs3gd0jgsa1ffecb1f-20b1-458d-96bb-0d7cb1c3f7f80[UDT3]</Text>
  </Details>
  <Details ServiceId="80" MessageId="30" Timestamp="11/30/2018 2:55:47 PM" Debug="false">
    <Text>Not invalidating fingerprints for library object: DNSparam[DB7]</Text>
  </Details>
  <Details ServiceId="80" MessageId="30" Timestamp="11/30/2018 2:55:48 PM" Debug="false">
    <Text>Not invalidating fingerprints for library object: HttpData[DB3]</Text>
  </Details>
  <Details ServiceId="80" MessageId="30" Timestamp="11/30/2018 2:55:48 PM" Debug="false">
    <Text>Not invalidating fingerprints for library object: HttpParam[DB2]</Text>
  </Details>
  <Details ServiceId="80" MessageId="30" Timestamp="11/30/2018 2:55:48 PM" Debug="false">
    <Text>Not invalidating fingerprints for library object: hg1jahs3gd0jgsaf15ae42f-aaa3-4e7c-b1d1-d1d76d099bbc[FB6]</Text>
  </Details>
  <Details ServiceId="80" MessageId="30" Timestamp="11/30/2018 2:55:49 PM" Debug="false">
    <Text>Not invalidating fingerprints for library object: hg1jahs3gd0jgsae3f01c8c-72d1-4b70-a6c5-d1fea5715b08[FB6]</Text>
  </Details>
  <Details ServiceId="80" MessageId="30" Timestamp="11/30/2018 2:55:49 PM" Debug="false">
    <Text>Not invalidating fingerprints for library object: hg1jahs3gd0jgsa06936702-d246-4e01-9706-2a4a114b9f610[FB6]</Text>
  </Details>
  <Details ServiceId="80" MessageId="30" Timestamp="11/30/2018 2:55:49 PM" Debug="false">
    <Text>Not invalidating fingerprints for library object: hg1jahs3gd0jgsad63bc013-0f09-456b-b8c5-3bd92cbd1b2b0[FB6]</Text>
  </Details>
  <Details ServiceId="80" MessageId="30" Timestamp="11/30/2018 2:55:49 PM" Debug="false">
    <Text>Not invalidating fingerprints for library object: hg1jahs3gd0jgsa093efb18-2aa0-4cfc-ae6d-f4397d292aff0[FB6]</Text>
  </Details>
  <Details ServiceId="80" MessageId="30" Timestamp="11/30/2018 2:55:49 PM" Debug="false">
    <Text>Not invalidating fingerprints for library object: hg1jahs3gd0jgsa7226a390-d62b-42dd-bbca-38bdb7ebe9650[FB6]</Text>
  </Details>
  <Details ServiceId="80" MessageId="30" Timestamp="11/30/2018 2:55:49 PM" Debug="false">
    <Text>Not invalidating fingerprints for library object: hg1jahs3gd0jgsa3069ec93-a5c8-4a89-88d2-807d09786d670[FB6]</Text>
  </Details>
  <Details ServiceId="80" MessageId="30" Timestamp="11/30/2018 2:55:49 PM" Debug="false">
    <Text>Not invalidating fingerprints for library object: hg1jahs3gd0jgsaea6a007f-4684-4ab0-82ec-61d26ed8c4c10[FB6]</Text>
  </Details>
  <Details ServiceId="80" MessageId="30" Timestamp="11/30/2018 2:55:50 PM" Debug="false">
    <Text>Not invalidating fingerprints for library object: hg1jahs3gd0jgsaea85c0ca-c4ad-4c75-89e6-67a4f32f46290[FC4]</Text>
  </Details>
  <Details ServiceId="80" MessageId="30" Timestamp="11/30/2018 2:55:50 PM" Debug="false">
    <Text>Not invalidating fingerprints for library object: hg1jahs3gd0jgsa2dffe49e-416c-4b45-976e-0fa616cd57b70[FC4]</Text>
  </Details>
  <Details ServiceId="80" MessageId="30" Timestamp="11/30/2018 2:55:50 PM" Debug="false">
    <Text>Not invalidating fingerprints for library object: hg1jahs3gd0jgsa893a8e97-321c-4ef7-9a70-139e327a68e10[FC4]</Text>
  </Details>
  <Details ServiceId="80" MessageId="30" Timestamp="11/30/2018 2:55:50 PM" Debug="false">
    <Text>Not invalidating fingerprints for library object: hg1jahs3gd0jgsaeadb5fdd-71de-4d32-a0c4-fa5902f7d3190[FC4]</Text>
  </Details>
  <Details ServiceId="80" MessageId="30" Timestamp="11/30/2018 2:55:50 PM" Debug="false">
    <Text>Not invalidating fingerprints for library object: hg1jahs3gd0jgsa42ed6141-d808-4c0c-a129-55da8e6de754[FC3]</Text>
  </Details>
  <Details ServiceId="80" MessageId="30" Timestamp="11/30/2018 2:55:51 PM" Debug="false">
    <Text>Not invalidating fingerprints for library object: hg1jahs3gd0jgsa267c1753-4c9b-4d0e-8e2c-0b60f520fbe80[FB6]</Text>
  </Details>
  <Details ServiceId="80" MessageId="30" Timestamp="11/30/2018 2:55:51 PM" Debug="false">
    <Text>Not invalidating fingerprints for library object: hg1jahs3gd0jgsab7d249a6-2a6c-43fe-a397-3c55cb8c6e010[FB6]</Text>
  </Details>
  <Details ServiceId="80" MessageId="30" Timestamp="11/30/2018 2:55:51 PM" Debug="false">
    <Text>Not invalidating fingerprints for library object: hg1jahs3gd0jgsa7635c95a-1146-4920-89e4-c1d59ef2ff1a0[FC5]</Text>
  </Details>
  <Details ServiceId="80" MessageId="30" Timestamp="11/30/2018 2:55:51 PM" Debug="false">
    <Text>Not invalidating fingerprints for library object: hg1jahs3gd0jgsae631d76f-9f32-4cce-bbfc-894f9739a0a80[FB6]</Text>
  </Details>
  <Details ServiceId="80" MessageId="30" Timestamp="11/30/2018 2:55:51 PM" Debug="false">
    <Text>Not invalidating fingerprints for library object: hg1jahs3gd0jgsa4ba2edf6-f72b-4146-834f-2d2ef7b472bd0[FB1]</Text>
  </Details>
  <Details ServiceId="80" MessageId="30" Timestamp="11/30/2018 2:55:52 PM" Debug="false">
    <Text>Not invalidating fingerprints for library object: hg1jahs3gd0jgsa48ab2f0a-ea3d-459b-b4e5-0e70782c4ed60[FB6]</Text>
  </Details>
  <Details ServiceId="80" MessageId="30" Timestamp="11/30/2018 2:55:52 PM" Debug="false">
    <Text>Not invalidating fingerprints for library object: hg1jahs3gd0jgsa33968aef-f814-4ec7-bea7-0425e9b70a4a0[FB8]</Text>
  </Details>
  <Details ServiceId="80" MessageId="30" Timestamp="11/30/2018 2:55:52 PM" Debug="false">
    <Text>Not invalidating fingerprints for library object: hg1jahs3gd0jgsa34411fc0-2865-4212-8aac-968e3d3466a80[FB6]</Text>
  </Details>
  <Details ServiceId="80" MessageId="30" Timestamp="11/30/2018 2:55:52 PM" Debug="false">
    <Text>Not invalidating fingerprints for library object: hg1jahs3gd0jgsaeadb5fdd-71de-4d32-a0c4-fa5902f7d3190[FC5]</Text>
  </Details>
  <Details ServiceId="80" MessageId="30" Timestamp="11/30/2018 2:55:52 PM" Debug="false">
    <Text>Not invalidating fingerprints for library object: hg1jahs3gd0jgsa65d0fa68-348d-4849-89c3-fed7b7466cab0[FB8]</Text>
  </Details>
  <Details ServiceId="80" MessageId="30" Timestamp="11/30/2018 2:55:53 PM" Debug="false">
    <Text>Not invalidating fingerprints for library object: hg1jahs3gd0jgsae355e3ff-2011-4fee-b0a0-58b310b2ae270[FB5]</Text>
  </Details>
  <Details ServiceId="80" MessageId="30" Timestamp="11/30/2018 2:55:53 PM" Debug="false">
    <Text>Not invalidating fingerprints for library object: hg1jahs3gd0jgsa7513dae1-8f55-4033-9aa9-925bb479c83e0[FB4]</Text>
  </Details>
  <Details ServiceId="80" MessageId="30" Timestamp="11/30/2018 2:55:53 PM" Debug="false">
    <Text>Not invalidating fingerprints for library object: Default tag table</Text>
  </Details>
  <Details ServiceId="80" MessageId="30" Timestamp="11/30/2018 2:55:53 PM" Debug="false">
    <Text>Not invalidating fingerprints for library object: Default tag table</Text>
  </Details>
  <Details ServiceId="80" MessageId="30" Timestamp="11/30/2018 2:55:53 PM" Debug="false">
    <Text>Not invalidating fingerprints for library object: Default tag table</Text>
  </Details>
  <Details ServiceId="80" MessageId="30" Timestamp="11/30/2018 2:55:53 PM" Debug="false">
    <Text>Not invalidating fingerprints for library object: Default tag table</Text>
  </Details>
  <Details ServiceId="80" MessageId="30" Timestamp="11/30/2018 2:55:53 PM" Debug="false">
    <Text>Not invalidating fingerprints for library object: Default tag table</Text>
  </Details>
  <Details ServiceId="80" MessageId="30" Timestamp="11/30/2018 2:55:53 PM" Debug="false">
    <Text>Not invalidating fingerprints for library object: Default tag table</Text>
  </Details>
  <Details ServiceId="80" MessageId="30" Timestamp="11/30/2018 2:55:53 PM" Debug="false">
    <Text>Not invalidating fingerprints for library object: Default tag table</Text>
  </Details>
  <Details ServiceId="80" MessageId="30" Timestamp="11/30/2018 2:55:53 PM" Debug="false">
    <Text>Not invalidating fingerprints for library object: Default tag table</Text>
  </Details>
  <Details ServiceId="80" MessageId="30" Timestamp="11/30/2018 2:55:53 PM" Debug="false">
    <Text>Not invalidating fingerprints for library object: Default tag table</Text>
  </Details>
  <Details ServiceId="80" MessageId="30" Timestamp="11/30/2018 2:55:53 PM" Debug="false">
    <Text>Not invalidating fingerprints for library object: Default tag table</Text>
  </Details>
  <Details ServiceId="80" MessageId="30" Timestamp="11/30/2018 2:55:53 PM" Debug="false">
    <Text>Not invalidating fingerprints for library object: Default tag table</Text>
  </Details>
  <Details ServiceId="80" MessageId="30" Timestamp="11/30/2018 2:55:53 PM" Debug="false">
    <Text>Not invalidating fingerprints for library object: Default tag table</Text>
  </Details>
  <Details ServiceId="80" MessageId="30" Timestamp="11/30/2018 2:55:53 PM" Debug="false">
    <Text>Not invalidating fingerprints for library object: Default tag table</Text>
  </Details>
  <Details ServiceId="80" MessageId="30" Timestamp="11/30/2018 2:55:53 PM" Debug="false">
    <Text>Not invalidating fingerprints for library object: Default tag table</Text>
  </Details>
  <Details ServiceId="80" MessageId="30" Timestamp="11/30/2018 2:55:53 PM" Debug="false">
    <Text>Not invalidating fingerprints for library object: Default tag table</Text>
  </Details>
  <Details ServiceId="80" MessageId="30" Timestamp="11/30/2018 2:55:53 PM" Debug="false">
    <Text>Not invalidating fingerprints for library object: Default tag table</Text>
  </Details>
  <Details ServiceId="80" MessageId="30" Timestamp="11/30/2018 2:55:53 PM" Debug="false">
    <Text>Not invalidating fingerprints for library object: Default tag table</Text>
  </Details>
  <Details ServiceId="80" MessageId="30" Timestamp="11/30/2018 2:55:53 PM" Debug="false">
    <Text>Not invalidating fingerprints for library object: Default tag table</Text>
  </Details>
  <Details ServiceId="80" MessageId="30" Timestamp="11/30/2018 2:55:53 PM" Debug="false">
    <Text>Not invalidating fingerprints for library object: Default tag table</Text>
  </Details>
  <Details ServiceId="80" MessageId="30" Timestamp="11/30/2018 2:55:53 PM" Debug="false">
    <Text>Not invalidating fingerprints for library object: Default tag table</Text>
  </Details>
  <Details ServiceId="80" MessageId="30" Timestamp="11/30/2018 2:55:53 PM" Debug="false">
    <Text>Not invalidating fingerprints for library object: Default tag table</Text>
  </Details>
  <Details ServiceId="80" MessageId="30" Timestamp="11/30/2018 2:55:53 PM" Debug="false">
    <Text>Not invalidating fingerprints for library object: Default tag table</Text>
  </Details>
  <Details ServiceId="80" MessageId="30" Timestamp="11/30/2018 2:55:53 PM" Debug="false">
    <Text>Not invalidating fingerprints for library object: Default tag table</Text>
  </Details>
  <Details ServiceId="80" MessageId="30" Timestamp="11/30/2018 2:55:53 PM" Debug="false">
    <Text>Not invalidating fingerprints for library object: Default tag table</Text>
  </Details>
  <Details ServiceId="80" MessageId="30" Timestamp="11/30/2018 2:55:53 PM" Debug="false">
    <Text>Not invalidating fingerprints for library object: Default tag table</Text>
  </Details>
  <Details ServiceId="80" MessageId="30" Timestamp="11/30/2018 2:55:53 PM" Debug="false">
    <Text>Not invalidating fingerprints for library object: Default tag table</Text>
  </Details>
  <Details ServiceId="80" MessageId="30" Timestamp="11/30/2018 2:55:53 PM" Debug="false">
    <Text>Not invalidating fingerprints for library object: Default tag table</Text>
  </Details>
  <Details ServiceId="80" MessageId="30" Timestamp="11/30/2018 2:55:53 PM" Debug="false">
    <Text>Not invalidating fingerprints for library object: Default tag table</Text>
  </Details>
  <Details ServiceId="80" MessageId="30" Timestamp="11/30/2018 2:55:53 PM" Debug="false">
    <Text>Not invalidating fingerprints for library object: Default tag table</Text>
  </Details>
  <Details ServiceId="80" MessageId="30" Timestamp="11/30/2018 2:55:53 PM" Debug="false">
    <Text>Not invalidating fingerprints for library object: Default tag table</Text>
  </Details>
  <Details ServiceId="80" MessageId="30" Timestamp="11/30/2018 2:55:53 PM" Debug="false">
    <Text>Not invalidating fingerprints for library object: Default tag table</Text>
  </Details>
  <Details ServiceId="80" MessageId="30" Timestamp="11/30/2018 2:55:53 PM" Debug="false">
    <Text>Not invalidating fingerprints for library object: Default tag table</Text>
  </Details>
  <Details ServiceId="80" MessageId="30" Timestamp="11/30/2018 2:55:53 PM" Debug="false">
    <Text>Not invalidating fingerprints for library object: Default tag table</Text>
  </Details>
  <Details ServiceId="80" MessageId="30" Timestamp="11/30/2018 2:55:53 PM" Debug="false">
    <Text>Not invalidating fingerprints for library object: Default tag table</Text>
  </Details>
  <Details ServiceId="80" MessageId="30" Timestamp="11/30/2018 2:55:53 PM" Debug="false">
    <Text>Not invalidating fingerprints for library object: Default tag table</Text>
  </Details>
  <Details ServiceId="80" MessageId="30" Timestamp="11/30/2018 2:55:53 PM" Debug="false">
    <Text>Not invalidating fingerprints for library object: Default tag table</Text>
  </Details>
  <Details ServiceId="80" MessageId="30" Timestamp="11/30/2018 2:55:53 PM" Debug="false">
    <Text>Not invalidating fingerprints for library object: Default tag table</Text>
  </Details>
  <Details ServiceId="80" MessageId="30" Timestamp="11/30/2018 2:55:53 PM" Debug="false">
    <Text>Not invalidating fingerprints for library object: Default tag table</Text>
  </Details>
  <MessageCell ServiceId="80" MessageId="30" MessageClass="Information" Timestamp="11/30/2018 2:56:00 PM">
    <Number ServiceNumber="80" MessageNumber="30" />
    <Text FeedbackText="The cross-reference information is being converted." />
    <Help HelpId="-1" />
  </MessageCell>
  <MessageCell ServiceId="80" MessageId="30" MessageClass="Information" Timestamp="11/30/2018 2:56:00 PM">
    <Number ServiceNumber="80" MessageNumber="30" />
    <Text FeedbackText="The cross-reference information was created successfully." />
    <Help HelpId="-1" />
  </MessageCell>
  <MessageCell ServiceId="80" MessageId="30" MessageClass="Information" Timestamp="11/30/2018 2:56:01 PM">
    <Number ServiceNumber="80" MessageNumber="30" />
    <Text FeedbackText="Conversion of the cross-reference information is finished." />
    <Help HelpId="-1" />
  </MessageCell>
  <Details ServiceId="80" MessageId="30" Timestamp="11/30/2018 2:56:02 PM" Debug="false">
    <Text>Package container 'Siemens.Simatic.Lang.S7PSW.V15.0.0.0.NonMandatory' was deleted</Text>
  </Details>
  <Details ServiceId="80" MessageId="30" Timestamp="11/30/2018 2:56:02 PM" Debug="false">
    <Text>Package container 'Siemens.Simatic.Lang.S7BSW.V15.0.0.0.NonMandatory' was deleted</Text>
  </Details>
  <Details ServiceId="80" MessageId="30" Timestamp="11/30/2018 2:56:02 PM" Debug="false">
    <Text>Product version 'Siemens.Simatic.STEP7.Professional:15.00.00.00' was deleted</Text>
  </Details>
  <Details ServiceId="80" MessageId="30" Timestamp="11/30/2018 2:56:02 PM" Debug="false">
    <Text>Product version 'Siemens.Simatic.STEP7.Basic:15.00.00.00' was deleted</Text>
  </Details>
  <MessageCell ServiceId="Automation-ObjectFrame-Feedbacks" MessageId="ConversionInfoTabLibrarySucceeded" MessageClass="Success" Timestamp="11/30/2018 2:56:03 PM">
    <Number ServiceNumber="80" MessageNumber="32" />
    <Text FeedbackText="Library 'Z:\Data\Dokumente\Anwendungsbeispiele\LHTTP\projects\LHTTP_LIB\System\PEData.plf' was successfully upgraded and saved as library 'Z:\Data\Dokumente\Anwendungsbeispiele\LHTTP\projects\LHTTP_LIB_V15.1\System\PEData.plf'." />
    <Help HelpId="-1" HelpFile="" />
  </MessageCell>
</LogFile>